[
  {
    "QID": "D251Q01",
    "QTYPE": "基礎題",
    "ANSWER": "戰國末期;戰國"
  },
  {
    "QID": "D251Q02",
    "QTYPE": "基礎題",
    "ANSWER": "易水河邊"
  },
  {
    "QID": "D251Q03",
    "QTYPE": "基礎題",
    "ANSWER": "燕國"
  },
  {
    "QID": "D251Q04",
    "QTYPE": "基礎題",
    "ANSWER": "秋天;深秋;秋"
  },
  {
    "QID": "D251Q05",
    "QTYPE": "基礎題",
    "ANSWER": "白色;白"
  },
  {
    "QID": "D251Q06",
    "QTYPE": "基礎題",
    "ANSWER": "高漸離"
  },
  {
    "QID": "D251Q07",
    "QTYPE": "基礎題",
    "ANSWER": "筑"
  },
  {
    "QID": "D251Q08",
    "QTYPE": "進階題",
    "ANSWER": "否"
  },
  {
    "QID": "D251Q09",
    "QTYPE": "基礎題",
    "ANSWER": "馬"
  },
  {
    "QID": "D252Q01",
    "QTYPE": "基礎題",
    "ANSWER": "12個"
  },
  {
    "QID": "D252Q02",
    "QTYPE": "進階題",
    "ANSWER": "3名"
  },
  {
    "QID": "D252Q03",
    "QTYPE": "進階題",
    "ANSWER": "是"
  },
  {
    "QID": "D252Q04",
    "QTYPE": "進階題",
    "ANSWER": "否"
  },
  {
    "QID": "D252Q05",
    "QTYPE": "基礎題",
    "ANSWER": "10歲"
  },
  {
    "QID": "D252Q06",
    "QTYPE": "進階題",
    "ANSWER": "2名"
  },
  {
    "QID": "D252Q07",
    "QTYPE": "基礎題",
    "ANSWER": "月琴"
  },
  {
    "QID": "D252Q08",
    "QTYPE": "進階題",
    "ANSWER": "是"
  },
  {
    "QID": "D252Q09",
    "QTYPE": "進階題",
    "ANSWER": "否"
  },
  {
    "QID": "D252Q10",
    "QTYPE": "基礎題",
    "ANSWER": "十大傑出青年"
  },
  {
    "QID": "D252Q11",
    "QTYPE": "基礎題",
    "ANSWER": "民國八十八年"
  },
  {
    "QID": "D253Q01",
    "QTYPE": "基礎題",
    "ANSWER": "西元1069年;西元一六O九年"
  },
  {
    "QID": "D253Q02",
    "QTYPE": "基礎題",
    "ANSWER": "一千倍"
  },
  {
    "QID": "D253Q03",
    "QTYPE": "基礎題",
    "ANSWER": "三十倍"
  },
  {
    "QID": "D253Q04",
    "QTYPE": "進階題",
    "ANSWER": "否"
  },
  {
    "QID": "D253Q05",
    "QTYPE": "進階題",
    "ANSWER": "否"
  },
  {
    "QID": "D253Q06",
    "QTYPE": "基礎題",
    "ANSWER": "星球"
  },
  {
    "QID": "D253Q07",
    "QTYPE": "進階題",
    "ANSWER": "是"
  },
  {
    "QID": "D253Q08",
    "QTYPE": "基礎題",
    "ANSWER": "波蘭"
  },
  {
    "QID": "D253Q09",
    "QTYPE": "基礎題",
    "ANSWER": "地動說;「地動說」"
  },
  {
    "QID": "D253Q10",
    "QTYPE": "基礎題",
    "ANSWER": "星星的使者"
  },
  {
    "QID": "D253Q11",
    "QTYPE": "基礎題",
    "ANSWER": "天主教"
  },
  {
    "QID": "D253Q12",
    "QTYPE": "基礎題",
    "ANSWER": "羅馬"
  },
  {
    "QID": "D254Q01",
    "QTYPE": "基礎題",
    "ANSWER": "東漢"
  },
  {
    "QID": "D254Q02",
    "QTYPE": "基礎題",
    "ANSWER": "東萊"
  },
  {
    "QID": "D254Q03",
    "QTYPE": "基礎題",
    "ANSWER": "太守"
  },
  {
    "QID": "D254Q04",
    "QTYPE": "基礎題",
    "ANSWER": "王密"
  },
  {
    "QID": "D254Q05",
    "QTYPE": "基礎題",
    "ANSWER": "十斤黃金;黃金"
  },
  {
    "QID": "D254Q06",
    "QTYPE": "基礎題",
    "ANSWER": "四知堂;「四知堂」"
  },
  {
    "QID": "D255Q01",
    "QTYPE": "基礎題",
    "ANSWER": "西元1876年;西元一八七六年"
  },
  {
    "QID": "D255Q02",
    "QTYPE": "基礎題",
    "ANSWER": "美國"
  },
  {
    "QID": "D255Q03",
    "QTYPE": "基礎題",
    "ANSWER": "湯姆刷圍牆"
  },
  {
    "QID": "D255Q04",
    "QTYPE": "基礎題",
    "ANSWER": "波莉姨媽"
  },
  {
    "QID": "D255Q05",
    "QTYPE": "進階題",
    "ANSWER": "是"
  },
  {
    "QID": "D255Q06",
    "QTYPE": "基礎題",
    "ANSWER": "哈克"
  },
  {
    "QID": "D255Q07",
    "QTYPE": "進階題",
    "ANSWER": "是"
  },
  {
    "QID": "D255Q08",
    "QTYPE": "基礎題",
    "ANSWER": "哈克"
  },
  {
    "QID": "D255Q09",
    "QTYPE": "基礎題",
    "ANSWER": "蓓姬"
  },
  {
    "QID": "D255Q10",
    "QTYPE": "基礎題",
    "ANSWER": "姨媽"
  },
  {
    "QID": "D255Q11",
    "QTYPE": "基礎題",
    "ANSWER": "三天三夜"
  },
  {
    "QID": "D255Q12",
    "QTYPE": "基礎題",
    "ANSWER": "酒"
  },
  {
    "QID": "D255Q13",
    "QTYPE": "基礎題",
    "ANSWER": "密西西比河"
  },
  {
    "QID": "D255Q14",
    "QTYPE": "進階題",
    "ANSWER": "是"
  },
  {
    "QID": "D256Q01",
    "QTYPE": "基礎題",
    "ANSWER": "美國"
  },
  {
    "QID": "D256Q02",
    "QTYPE": "基礎題",
    "ANSWER": "速食;\n熱狗;漢堡;甜甜圈;熱狗、漢堡和甜甜圈"
  },
  {
    "QID": "D256Q03",
    "QTYPE": "基礎題",
    "ANSWER": "乳酪"
  },
  {
    "QID": "D256Q04",
    "QTYPE": "基礎題",
    "ANSWER": "泡菜"
  },
  {
    "QID": "D256Q05",
    "QTYPE": "基礎題",
    "ANSWER": "秋天;深秋;秋"
  },
  {
    "QID": "D256Q06",
    "QTYPE": "基礎題",
    "ANSWER": "日本"
  },
  {
    "QID": "D256Q07",
    "QTYPE": "基礎題",
    "ANSWER": "頭顱;頭"
  },
  {
    "QID": "D256Q08",
    "QTYPE": "基礎題",
    "ANSWER": "泰國"
  },
  {
    "QID": "D257Q01",
    "QTYPE": "進階題",
    "ANSWER": "是"
  },
  {
    "QID": "D257Q02",
    "QTYPE": "基礎題",
    "ANSWER": "廬山圖"
  },
  {
    "QID": "D257Q03",
    "QTYPE": "進階題",
    "ANSWER": "否"
  },
  {
    "QID": "D257Q04",
    "QTYPE": "基礎題",
    "ANSWER": "敦煌"
  },
  {
    "QID": "D257Q05",
    "QTYPE": "基礎題",
    "ANSWER": "抽象畫"
  },
  {
    "QID": "D257Q06",
    "QTYPE": "基礎題",
    "ANSWER": "一百八十公分"
  },
  {
    "QID": "D257Q07",
    "QTYPE": "基礎題",
    "ANSWER": "十公尺又八十公分"
  },
  {
    "QID": "D259Q01",
    "QTYPE": "基礎題",
    "ANSWER": "月球"
  },
  {
    "QID": "D259Q02",
    "QTYPE": "基礎題",
    "ANSWER": "柯林斯"
  },
  {
    "QID": "D259Q03",
    "QTYPE": "基礎題",
    "ANSWER": "艾德林"
  },
  {
    "QID": "D259Q04",
    "QTYPE": "基礎題",
    "ANSWER": "太空船"
  },
  {
    "QID": "D259Q05",
    "QTYPE": "基礎題",
    "ANSWER": "5天"
  },
  {
    "QID": "D259Q06",
    "QTYPE": "基礎題",
    "ANSWER": "阿姆斯壯"
  },
  {
    "QID": "D259Q07",
    "QTYPE": "基礎題",
    "ANSWER": "阿姆斯壯"
  },
  {
    "QID": "D259Q08",
    "QTYPE": "基礎題",
    "ANSWER": "電視攝影機"
  },
  {
    "QID": "D259Q09",
    "QTYPE": "基礎題",
    "ANSWER": "岩石"
  },
  {
    "QID": "D259Q10",
    "QTYPE": "基礎題",
    "ANSWER": "柯林斯"
  },
  {
    "QID": "D259Q11",
    "QTYPE": "進階題",
    "ANSWER": "否"
  },
  {
    "QID": "D260Q01",
    "QTYPE": "基礎題",
    "ANSWER": "台灣"
  },
  {
    "QID": "D260Q02",
    "QTYPE": "基礎題",
    "ANSWER": "是"
  },
  {
    "QID": "D260Q03",
    "QTYPE": "基礎題",
    "ANSWER": "是"
  },
  {
    "QID": "D260Q04",
    "QTYPE": "基礎題",
    "ANSWER": "是"
  },
  {
    "QID": "D260Q05",
    "QTYPE": "基礎題",
    "ANSWER": "美國"
  },
  {
    "QID": "D260Q06",
    "QTYPE": "基礎題",
    "ANSWER": "南京"
  },
  {
    "QID": "D261Q01",
    "QTYPE": "基礎題",
    "ANSWER": "母親節"
  },
  {
    "QID": "D261Q02",
    "QTYPE": "基礎題",
    "ANSWER": "兩年"
  },
  {
    "QID": "D261Q03",
    "QTYPE": "基礎題",
    "ANSWER": "一塊錢"
  },
  {
    "QID": "D261Q04",
    "QTYPE": "基礎題",
    "ANSWER": "母親"
  },
  {
    "QID": "D261Q05",
    "QTYPE": "基礎題",
    "ANSWER": "鐵罐"
  },
  {
    "QID": "D261Q06",
    "QTYPE": "基礎題",
    "ANSWER": "五百元"
  },
  {
    "QID": "D261Q07",
    "QTYPE": "基礎題",
    "ANSWER": "盲腸炎"
  },
  {
    "QID": "D263Q01",
    "QTYPE": "基礎題",
    "ANSWER": "商朝;商"
  },
  {
    "QID": "D263Q02",
    "QTYPE": "基礎題",
    "ANSWER": "周武王"
  },
  {
    "QID": "D263Q03",
    "QTYPE": "基礎題",
    "ANSWER": "呂尚;姜太公"
  },
  {
    "QID": "D263Q04",
    "QTYPE": "基礎題",
    "ANSWER": "姜"
  },
  {
    "QID": "D263Q05",
    "QTYPE": "基礎題",
    "ANSWER": "比干"
  },
  {
    "QID": "D263Q06",
    "QTYPE": "基礎題",
    "ANSWER": "箕子"
  },
  {
    "QID": "D263Q07",
    "QTYPE": "基礎題",
    "ANSWER": "紂王;商紂王"
  },
  {
    "QID": "D263Q08",
    "QTYPE": "基礎題",
    "ANSWER": "足脛"
  },
  {
    "QID": "D263Q09",
    "QTYPE": "進階題",
    "ANSWER": "否"
  },
  {
    "QID": "D264Q01",
    "QTYPE": "基礎題",
    "ANSWER": "醫生"
  },
  {
    "QID": "D264Q02",
    "QTYPE": "基礎題",
    "ANSWER": "德國"
  },
  {
    "QID": "D264Q03",
    "QTYPE": "基礎題",
    "ANSWER": "非洲"
  },
  {
    "QID": "D264Q04",
    "QTYPE": "基礎題",
    "ANSWER": "父親"
  },
  {
    "QID": "D264Q05",
    "QTYPE": "基礎題",
    "ANSWER": "角力"
  },
  {
    "QID": "D264Q06",
    "QTYPE": "基礎題",
    "ANSWER": "蚯蚓"
  },
  {
    "QID": "D266Q01",
    "QTYPE": "基礎題",
    "ANSWER": "羅馬"
  },
  {
    "QID": "D266Q02",
    "QTYPE": "基礎題",
    "ANSWER": "三千年"
  },
  {
    "QID": "D266Q03",
    "QTYPE": "基礎題",
    "ANSWER": "聖彼得大教堂"
  },
  {
    "QID": "D266Q04",
    "QTYPE": "基礎題",
    "ANSWER": "羅馬"
  },
  {
    "QID": "D266Q05",
    "QTYPE": "進階題",
    "ANSWER": "否"
  },
  {
    "QID": "D266Q06",
    "QTYPE": "基礎題",
    "ANSWER": "梵蒂岡"
  },
  {
    "QID": "D266Q07",
    "QTYPE": "基礎題",
    "ANSWER": "梵蒂岡"
  },
  {
    "QID": "D266Q08",
    "QTYPE": "進階題",
    "ANSWER": "否"
  },
  {
    "QID": "D267Q01",
    "QTYPE": "基礎題",
    "ANSWER": "河北省"
  },
  {
    "QID": "D267Q02",
    "QTYPE": "基礎題",
    "ANSWER": "北"
  },
  {
    "QID": "D267Q03",
    "QTYPE": "基礎題",
    "ANSWER": "渤海"
  },
  {
    "QID": "D267Q04",
    "QTYPE": "基礎題",
    "ANSWER": "甘肅省"
  },
  {
    "QID": "D267Q05",
    "QTYPE": "基礎題",
    "ANSWER": "否"
  },
  {
    "QID": "D267Q06",
    "QTYPE": "基礎題",
    "ANSWER": "三十六丈"
  },
  {
    "QID": "D267Q07",
    "QTYPE": "基礎題",
    "ANSWER": "戰國時代"
  },
  {
    "QID": "D268Q01",
    "QTYPE": "基礎題",
    "ANSWER": "匈奴"
  },
  {
    "QID": "D268Q02",
    "QTYPE": "基礎題",
    "ANSWER": "月氏"
  },
  {
    "QID": "D268Q03",
    "QTYPE": "基礎題",
    "ANSWER": "陝西省"
  },
  {
    "QID": "D268Q04",
    "QTYPE": "基礎題",
    "ANSWER": "武帝建元三年"
  },
  {
    "QID": "D268Q05",
    "QTYPE": "基礎題",
    "ANSWER": "甘父"
  },
  {
    "QID": "D268Q06",
    "QTYPE": "基礎題",
    "ANSWER": "否"
  },
  {
    "QID": "D268Q07",
    "QTYPE": "基礎題",
    "ANSWER": "匈奴"
  },
  {
    "QID": "D268Q08",
    "QTYPE": "基礎題",
    "ANSWER": "武帝元狩四年"
  },
  {
    "QID": "D268Q09",
    "QTYPE": "基礎題",
    "ANSWER": "絲綢、漆、玉和銅"
  },
  {
    "QID": "D268Q10",
    "QTYPE": "基礎題",
    "ANSWER": "葡萄、音樂和美術"
  },
  {
    "QID": "D269Q01",
    "QTYPE": "基礎題",
    "ANSWER": "冬山河"
  },
  {
    "QID": "D269Q02",
    "QTYPE": "基礎題",
    "ANSWER": "余智慧"
  },
  {
    "QID": "D269Q03",
    "QTYPE": "基礎題",
    "ANSWER": "汪成文"
  },
  {
    "QID": "D269Q04",
    "QTYPE": "基礎題",
    "ANSWER": "觀音山"
  },
  {
    "QID": "D269Q05",
    "QTYPE": "基礎題",
    "ANSWER": "紅毛城"
  },
  {
    "QID": "D269Q06",
    "QTYPE": "基礎題",
    "ANSWER": "民國七十一年"
  },
  {
    "QID": "D269Q07",
    "QTYPE": "基礎題",
    "ANSWER": "尤其民國八十一年;民國八十一年"
  },
  {
    "QID": "D269Q08",
    "QTYPE": "基礎題",
    "ANSWER": "是"
  },
  {
    "QID": "D269Q09",
    "QTYPE": "基礎題",
    "ANSWER": "龍舟競賽"
  },
  {
    "QID": "D270Q01",
    "QTYPE": "進階題",
    "ANSWER": "中央山脈"
  },
  {
    "QID": "D270Q02",
    "QTYPE": "基礎題",
    "ANSWER": "否"
  },
  {
    "QID": "D270Q03",
    "QTYPE": "基礎題",
    "ANSWER": "民國四十五年"
  },
  {
    "QID": "D270Q04",
    "QTYPE": "基礎題",
    "ANSWER": "否"
  },
  {
    "QID": "D270Q05",
    "QTYPE": "基礎題",
    "ANSWER": "臺灣東部"
  },
  {
    "QID": "D270Q06",
    "QTYPE": "基礎題",
    "ANSWER": "東勢鎮"
  },
  {
    "QID": "D270Q07",
    "QTYPE": "基礎題",
    "ANSWER": "蘇花公路"
  },
  {
    "QID": "D270Q08",
    "QTYPE": "基礎題",
    "ANSWER": "三百四十八公里"
  },
  {
    "QID": "D270Q09",
    "QTYPE": "基礎題",
    "ANSWER": "否"
  },
  {
    "QID": "D270Q10",
    "QTYPE": "基礎題",
    "ANSWER": "是"
  },
  {
    "QID": "D270Q11",
    "QTYPE": "基礎題",
    "ANSWER": "民國五十六年"
  },
  {
    "QID": "D270Q12",
    "QTYPE": "基礎題",
    "ANSWER": "是"
  },
  {
    "QID": "D271Q01",
    "QTYPE": "基礎題",
    "ANSWER": "曾文溪"
  },
  {
    "QID": "D271Q02",
    "QTYPE": "進階題",
    "ANSWER": "否"
  },
  {
    "QID": "D271Q03",
    "QTYPE": "基礎題",
    "ANSWER": "七億立方公尺"
  },
  {
    "QID": "D271Q04",
    "QTYPE": "基礎題",
    "ANSWER": "嘉義縣"
  },
  {
    "QID": "D271Q05",
    "QTYPE": "進階題",
    "ANSWER": "發電"
  },
  {
    "QID": "D271Q06",
    "QTYPE": "基礎題",
    "ANSWER": "民國六十二年"
  },
  {
    "QID": "D272Q01",
    "QTYPE": "基礎題",
    "ANSWER": "毛筆"
  },
  {
    "QID": "D272Q02",
    "QTYPE": "基礎題",
    "ANSWER": "鋼筆"
  },
  {
    "QID": "D272Q03",
    "QTYPE": "基礎題",
    "ANSWER": "鉛筆"
  },
  {
    "QID": "D272Q04",
    "QTYPE": "基礎題",
    "ANSWER": "原子筆"
  },
  {
    "QID": "D272Q05",
    "QTYPE": "進階題",
    "ANSWER": "毛筆"
  },
  {
    "QID": "D272Q06",
    "QTYPE": "基礎題",
    "ANSWER": "金屬"
  },
  {
    "QID": "D272Q07",
    "QTYPE": "基礎題",
    "ANSWER": "橡皮"
  },
  {
    "QID": "D272Q08",
    "QTYPE": "基礎題",
    "ANSWER": "細小的鋼珠;鋼珠"
  },
  {
    "QID": "D272Q09",
    "QTYPE": "進階題",
    "ANSWER": "無法判別"
  },
  {
    "QID": "D273Q01",
    "QTYPE": "基礎題",
    "ANSWER": "產卵"
  },
  {
    "QID": "D273Q02",
    "QTYPE": "進階題",
    "ANSWER": "否"
  },
  {
    "QID": "D273Q03",
    "QTYPE": "基礎題",
    "ANSWER": "夏季;夏"
  },
  {
    "QID": "D273Q04",
    "QTYPE": "基礎題",
    "ANSWER": "望安島"
  },
  {
    "QID": "D273Q05",
    "QTYPE": "基礎題",
    "ANSWER": "否"
  },
  {
    "QID": "D273Q06",
    "QTYPE": "基礎題",
    "ANSWER": "否"
  },
  {
    "QID": "D273Q07",
    "QTYPE": "基礎題",
    "ANSWER": "是"
  },
  {
    "QID": "D273Q08",
    "QTYPE": "基礎題",
    "ANSWER": "否"
  },
  {
    "QID": "D274Q01",
    "QTYPE": "進階題",
    "ANSWER": "唐"
  },
  {
    "QID": "D274Q02",
    "QTYPE": "基礎題",
    "ANSWER": "詩人"
  },
  {
    "QID": "D274Q03",
    "QTYPE": "基礎題",
    "ANSWER": "邊塞派"
  },
  {
    "QID": "D274Q04",
    "QTYPE": "基礎題",
    "ANSWER": "王昌齡"
  },
  {
    "QID": "D274Q05",
    "QTYPE": "進階題",
    "ANSWER": "是"
  },
  {
    "QID": "D274Q06",
    "QTYPE": "進階題",
    "ANSWER": "涼州詞"
  },
  {
    "QID": "D274Q07",
    "QTYPE": "進階題",
    "ANSWER": "七言絕句"
  },
  {
    "QID": "D274Q08",
    "QTYPE": "進階題",
    "ANSWER": "「折楊柳」;折楊柳"
  },
  {
    "QID": "D275Q01",
    "QTYPE": "基礎題",
    "ANSWER": "東漢"
  },
  {
    "QID": "D275Q02",
    "QTYPE": "基礎題",
    "ANSWER": "諸葛孔明"
  },
  {
    "QID": "D275Q03",
    "QTYPE": "基礎題",
    "ANSWER": "吳國"
  },
  {
    "QID": "D275Q04",
    "QTYPE": "基礎題",
    "ANSWER": "弓箭"
  },
  {
    "QID": "D275Q05",
    "QTYPE": "基礎題",
    "ANSWER": "否"
  },
  {
    "QID": "D275Q06",
    "QTYPE": "基礎題",
    "ANSWER": "十萬枝箭"
  },
  {
    "QID": "D275Q08",
    "QTYPE": "基礎題",
    "ANSWER": "三天"
  },
  {
    "QID": "D275Q09",
    "QTYPE": "基礎題",
    "ANSWER": "20艘戰船與30名軍士"
  },
  {
    "QID": "D275Q10",
    "QTYPE": "進階題",
    "ANSWER": "否"
  },
  {
    "QID": "D275Q11",
    "QTYPE": "進階題",
    "ANSWER": "否"
  },
  {
    "QID": "D276Q01",
    "QTYPE": "基礎題",
    "ANSWER": "五月花"
  },
  {
    "QID": "D276Q02",
    "QTYPE": "基礎題",
    "ANSWER": "山楂花;五月花"
  },
  {
    "QID": "D276Q03",
    "QTYPE": "基礎題",
    "ANSWER": "五月花號"
  },
  {
    "QID": "D276Q04",
    "QTYPE": "基礎題",
    "ANSWER": "百合花"
  },
  {
    "QID": "D276Q05",
    "QTYPE": "基礎題",
    "ANSWER": "三朵"
  },
  {
    "QID": "D276Q06",
    "QTYPE": "基礎題",
    "ANSWER": "櫻花"
  },
  {
    "QID": "D276Q07",
    "QTYPE": "基礎題",
    "ANSWER": "康乃馨"
  },
  {
    "QID": "D276Q08",
    "QTYPE": "基礎題",
    "ANSWER": "橄欖花"
  },
  {
    "QID": "D276Q09",
    "QTYPE": "基礎題",
    "ANSWER": "睡蓮"
  },
  {
    "QID": "D276Q10",
    "QTYPE": "基礎題",
    "ANSWER": "薔薇"
  },
  {
    "QID": "D276Q11",
    "QTYPE": "基礎題",
    "ANSWER": "牡丹"
  },
  {
    "QID": "D276Q12",
    "QTYPE": "基礎題",
    "ANSWER": "梅花"
  },
  {
    "QID": "D276Q13",
    "QTYPE": "基礎題",
    "ANSWER": "民國十七年"
  },
  {
    "QID": "D276Q14",
    "QTYPE": "基礎題",
    "ANSWER": "五瓣"
  },
  {
    "QID": "D278Q01",
    "QTYPE": "基礎題",
    "ANSWER": "大禹"
  },
  {
    "QID": "D278Q02",
    "QTYPE": "進階題",
    "ANSWER": "相"
  },
  {
    "QID": "D278Q03",
    "QTYPE": "基礎題",
    "ANSWER": "后羿"
  },
  {
    "QID": "D278Q04",
    "QTYPE": "基礎題",
    "ANSWER": "寒浞"
  },
  {
    "QID": "D278Q05",
    "QTYPE": "進階題",
    "ANSWER": "相和后羿"
  },
  {
    "QID": "D278Q06",
    "QTYPE": "基礎題",
    "ANSWER": "仍國"
  },
  {
    "QID": "D278Q07",
    "QTYPE": "基礎題",
    "ANSWER": "是"
  },
  {
    "QID": "D278Q08",
    "QTYPE": "進階題",
    "ANSWER": "相"
  },
  {
    "QID": "D278Q09",
    "QTYPE": "進階題",
    "ANSWER": "少康"
  },
  {
    "QID": "D278Q10",
    "QTYPE": "基礎題",
    "ANSWER": "有虞國"
  },
  {
    "QID": "D278Q11",
    "QTYPE": "基礎題",
    "ANSWER": "綸"
  },
  {
    "QID": "D278Q12",
    "QTYPE": "進階題",
    "ANSWER": "是"
  },
  {
    "QID": "D278Q13",
    "QTYPE": "基礎題",
    "ANSWER": "四十年"
  },
  {
    "QID": "D281Q01",
    "QTYPE": "基礎題",
    "ANSWER": "貴州"
  },
  {
    "QID": "D281Q02",
    "QTYPE": "基礎題",
    "ANSWER": "否"
  },
  {
    "QID": "D281Q03",
    "QTYPE": "基礎題",
    "ANSWER": "貴州"
  },
  {
    "QID": "D281Q04",
    "QTYPE": "基礎題",
    "ANSWER": "火燄山"
  },
  {
    "QID": "D281Q05",
    "QTYPE": "基礎題",
    "ANSWER": "吐魯番"
  },
  {
    "QID": "D281Q06",
    "QTYPE": "基礎題",
    "ANSWER": "否"
  },
  {
    "QID": "D281Q07",
    "QTYPE": "基礎題",
    "ANSWER": "「吃米飯拜鋤頭，吃果子拜樹頭」;吃米飯拜鋤頭，吃果子拜樹頭"
  },
  {
    "QID": "D281Q08",
    "QTYPE": "基礎題",
    "ANSWER": "有志竟成"
  },
  {
    "QID": "D282Q01",
    "QTYPE": "基礎題",
    "ANSWER": "四十五分鐘"
  },
  {
    "QID": "D282Q02",
    "QTYPE": "進階題",
    "ANSWER": "否"
  },
  {
    "QID": "D282Q03",
    "QTYPE": "進階題",
    "ANSWER": "是"
  },
  {
    "QID": "D282Q04",
    "QTYPE": "基礎題",
    "ANSWER": "三十六個人"
  },
  {
    "QID": "D282Q05",
    "QTYPE": "基礎題",
    "ANSWER": "兩天"
  },
  {
    "QID": "D282Q06",
    "QTYPE": "基礎題",
    "ANSWER": "天人菊"
  },
  {
    "QID": "D282Q07",
    "QTYPE": "基礎題",
    "ANSWER": "丁香魚、澎湖龍蝦和絲瓜炒蛋"
  },
  {
    "QID": "D282Q08",
    "QTYPE": "基礎題",
    "ANSWER": "天后宮、通梁古榕、跨海大橋、西臺古堡和桶盤嶼"
  },
  {
    "QID": "D282Q09",
    "QTYPE": "基礎題",
    "ANSWER": "天后宮、通梁古榕、跨海大橋、西臺古堡和桶盤嶼"
  },
  {
    "QID": "D282Q10",
    "QTYPE": "進階題",
    "ANSWER": "姪女"
  },
  {
    "QID": "D282Q11",
    "QTYPE": "進階題",
    "ANSWER": "旁系血親"
  },
  {
    "QID": "D282Q12",
    "QTYPE": "基礎題",
    "ANSWER": "桶盤嶼"
  },
  {
    "QID": "D282Q13",
    "QTYPE": "基礎題",
    "ANSWER": "白色"
  },
  {
    "QID": "D282Q14",
    "QTYPE": "基礎題",
    "ANSWER": "天后宮"
  },
  {
    "QID": "D283Q01",
    "QTYPE": "進階題",
    "ANSWER": "二;2"
  },
  {
    "QID": "D283Q02",
    "QTYPE": "基礎題",
    "ANSWER": "兒童版"
  },
  {
    "QID": "D283Q03",
    "QTYPE": "基礎題",
    "ANSWER": "耳朵"
  },
  {
    "QID": "D283Q04",
    "QTYPE": "基礎題",
    "ANSWER": "音樂家"
  },
  {
    "QID": "D283Q05",
    "QTYPE": "基礎題",
    "ANSWER": "作家"
  },
  {
    "QID": "D283Q06",
    "QTYPE": "基礎題",
    "ANSWER": "十二歲"
  },
  {
    "QID": "D283Q07",
    "QTYPE": "基礎題",
    "ANSWER": "「類風溼性關節炎」;類風溼性關節炎"
  },
  {
    "QID": "D284Q01",
    "QTYPE": "基礎題",
    "ANSWER": "英國"
  },
  {
    "QID": "D284Q02",
    "QTYPE": "基礎題",
    "ANSWER": "是"
  },
  {
    "QID": "D284Q03",
    "QTYPE": "基礎題",
    "ANSWER": "非洲"
  },
  {
    "QID": "D284Q04",
    "QTYPE": "基礎題",
    "ANSWER": "黑猩猩"
  },
  {
    "QID": "D284Q05",
    "QTYPE": "進階題",
    "ANSWER": "瘧疾"
  },
  {
    "QID": "D284Q06",
    "QTYPE": "基礎題",
    "ANSWER": "五點半"
  },
  {
    "QID": "D284Q07",
    "QTYPE": "基礎題",
    "ANSWER": "細樹枝;樹枝"
  },
  {
    "QID": "D284Q08",
    "QTYPE": "基礎題",
    "ANSWER": "否"
  },
  {
    "QID": "D285Q01",
    "QTYPE": "基礎題",
    "ANSWER": "唐代"
  },
  {
    "QID": "D285Q02",
    "QTYPE": "基礎題",
    "ANSWER": "十三歲"
  },
  {
    "QID": "D285Q03",
    "QTYPE": "基礎題",
    "ANSWER": "印度"
  },
  {
    "QID": "D285Q04",
    "QTYPE": "基礎題",
    "ANSWER": "十八位"
  },
  {
    "QID": "D285Q05",
    "QTYPE": "基礎題",
    "ANSWER": "十八天"
  },
  {
    "QID": "D285Q06",
    "QTYPE": "基礎題",
    "ANSWER": "近二十年;二十年"
  },
  {
    "QID": "D286Q01",
    "QTYPE": "基礎題",
    "ANSWER": "四歲"
  },
  {
    "QID": "D286Q02",
    "QTYPE": "基礎題",
    "ANSWER": "巴哈"
  },
  {
    "QID": "D286Q03",
    "QTYPE": "基礎題",
    "ANSWER": "琴弦"
  },
  {
    "QID": "D286Q04",
    "QTYPE": "基礎題",
    "ANSWER": "肺"
  },
  {
    "QID": "D286Q05",
    "QTYPE": "基礎題",
    "ANSWER": "草螟仔弄雞公"
  },
  {
    "QID": "D286Q06",
    "QTYPE": "基礎題",
    "ANSWER": "舒伯特"
  },
  {
    "QID": "D286Q07",
    "QTYPE": "基礎題",
    "ANSWER": "綠樹紅花"
  },
  {
    "QID": "D286Q08",
    "QTYPE": "基礎題",
    "ANSWER": "大提琴"
  },
  {
    "QID": "D287Q01",
    "QTYPE": "基礎題",
    "ANSWER": "青銅合金"
  },
  {
    "QID": "D287Q02",
    "QTYPE": "基礎題",
    "ANSWER": "樂器"
  },
  {
    "QID": "D287Q03",
    "QTYPE": "基礎題",
    "ANSWER": "戰國時代"
  },
  {
    "QID": "D287Q04",
    "QTYPE": "進階題",
    "ANSWER": "曾侯乙"
  },
  {
    "QID": "D287Q05",
    "QTYPE": "基礎題",
    "ANSWER": "音高"
  },
  {
    "QID": "D287Q06",
    "QTYPE": "基礎題",
    "ANSWER": "是"
  },
  {
    "QID": "D288Q01",
    "QTYPE": "基礎題",
    "ANSWER": "陵墓"
  },
  {
    "QID": "D288Q02",
    "QTYPE": "基礎題",
    "ANSWER": "「木乃伊」;木乃伊"
  },
  {
    "QID": "D288Q03",
    "QTYPE": "基礎題",
    "ANSWER": "尼羅河"
  },
  {
    "QID": "D288Q04",
    "QTYPE": "基礎題",
    "ANSWER": "「木乃伊」;木乃伊"
  },
  {
    "QID": "D288Q05",
    "QTYPE": "基礎題",
    "ANSWER": "巨石"
  },
  {
    "QID": "D288Q06",
    "QTYPE": "基礎題",
    "ANSWER": "人面獅身像"
  },
  {
    "QID": "D288Q07",
    "QTYPE": "基礎題",
    "ANSWER": "古夫王金字塔"
  },
  {
    "QID": "D288Q08",
    "QTYPE": "基礎題",
    "ANSWER": "二百三十多萬塊"
  },
  {
    "QID": "D288Q09",
    "QTYPE": "基礎題",
    "ANSWER": "一百四十六公尺"
  },
  {
    "QID": "D288Q10",
    "QTYPE": "基礎題",
    "ANSWER": "四十層"
  },
  {
    "QID": "D288Q11",
    "QTYPE": "基礎題",
    "ANSWER": "二十年"
  },
  {
    "QID": "D288Q12",
    "QTYPE": "申論",
    "ANSWER": ""
  },
  {
    "QID": "D289Q01",
    "QTYPE": "基礎題",
    "ANSWER": "普羅米修斯"
  },
  {
    "QID": "D289Q02",
    "QTYPE": "基礎題",
    "ANSWER": "宙斯"
  },
  {
    "QID": "D289Q03",
    "QTYPE": "基礎題",
    "ANSWER": "火"
  },
  {
    "QID": "D289Q04",
    "QTYPE": "進階題",
    "ANSWER": "是"
  },
  {
    "QID": "D289Q05",
    "QTYPE": "進階題",
    "ANSWER": "雅典娜"
  },
  {
    "QID": "D289Q06",
    "QTYPE": "進階題",
    "ANSWER": "直系血親;直系"
  },
  {
    "QID": "D289Q07",
    "QTYPE": "申論",
    "ANSWER": ""
  },
  {
    "QID": "D289Q08",
    "QTYPE": "基礎題",
    "ANSWER": "太陽神阿波羅;太陽神;阿波羅"
  },
  {
    "QID": "D289Q09",
    "QTYPE": "基礎題",
    "ANSWER": "阿波羅"
  },
  {
    "QID": "D289Q10",
    "QTYPE": "基礎題",
    "ANSWER": "「人類的恩神」;人類的恩神"
  },
  {
    "QID": "D289Q11",
    "QTYPE": "基礎題",
    "ANSWER": "正義"
  },
  {
    "QID": "D290Q01",
    "QTYPE": "基礎題",
    "ANSWER": "丁新、張玉珊和王小美"
  },
  {
    "QID": "D290Q02",
    "QTYPE": "基礎題",
    "ANSWER": "地球科學"
  },
  {
    "QID": "D290Q03",
    "QTYPE": "基礎題",
    "ANSWER": "快樂兒童"
  },
  {
    "QID": "D290Q04",
    "QTYPE": "基礎題",
    "ANSWER": "否"
  },
  {
    "QID": "D290Q05",
    "QTYPE": "基礎題",
    "ANSWER": "南極洲"
  },
  {
    "QID": "D290Q06",
    "QTYPE": "進階題",
    "ANSWER": "是"
  },
  {
    "QID": "D290Q07",
    "QTYPE": "基礎題",
    "ANSWER": "礦物資源;礦物"
  },
  {
    "QID": "D290Q08",
    "QTYPE": "進階題",
    "ANSWER": "臭氧層"
  },
  {
    "QID": "D290Q09",
    "QTYPE": "基礎題",
    "ANSWER": "夏天"
  },
  {
    "QID": "D290Q10",
    "QTYPE": "基礎題",
    "ANSWER": "永晝期"
  },
  {
    "QID": "D290Q11",
    "QTYPE": "基礎題",
    "ANSWER": "北極海"
  },
  {
    "QID": "D291Q01",
    "QTYPE": "基礎題",
    "ANSWER": "臺北市立動物園"
  },
  {
    "QID": "D291Q02",
    "QTYPE": "基礎題",
    "ANSWER": "否"
  },
  {
    "QID": "D291Q03",
    "QTYPE": "基礎題",
    "ANSWER": "是"
  },
  {
    "QID": "D291Q04",
    "QTYPE": "基礎題",
    "ANSWER": "是"
  },
  {
    "QID": "D291Q05",
    "QTYPE": "基礎題",
    "ANSWER": "否"
  },
  {
    "QID": "D291Q06",
    "QTYPE": "基礎題",
    "ANSWER": "白色;白"
  },
  {
    "QID": "D291Q07",
    "QTYPE": "基礎題",
    "ANSWER": "黑色;黑"
  },
  {
    "QID": "D291Q08",
    "QTYPE": "基礎題",
    "ANSWER": "雄企鵝"
  },
  {
    "QID": "D291Q09",
    "QTYPE": "基礎題",
    "ANSWER": "雌企鵝"
  },
  {
    "QID": "D292Q01",
    "QTYPE": "基礎題",
    "ANSWER": "李白"
  },
  {
    "QID": "D292Q02",
    "QTYPE": "基礎題",
    "ANSWER": "四川"
  },
  {
    "QID": "D292Q03",
    "QTYPE": "基礎題",
    "ANSWER": "瞿塘峽、巫峽及西陵峽"
  },
  {
    "QID": "D292Q04",
    "QTYPE": "基礎題",
    "ANSWER": "長江"
  },
  {
    "QID": "D292Q05",
    "QTYPE": "基礎題",
    "ANSWER": "江陵"
  },
  {
    "QID": "D292Q06",
    "QTYPE": "基礎題",
    "ANSWER": "一千二百里"
  },
  {
    "QID": "D292Q07",
    "QTYPE": "基礎題",
    "ANSWER": "湖北"
  },
  {
    "QID": "D292Q08",
    "QTYPE": "進階題",
    "ANSWER": "否"
  },
  {
    "QID": "D293Q01",
    "QTYPE": "基礎題",
    "ANSWER": "清朝"
  },
  {
    "QID": "D293Q02",
    "QTYPE": "基礎題",
    "ANSWER": "客家人"
  },
  {
    "QID": "D293Q03",
    "QTYPE": "基礎題",
    "ANSWER": "十四歲"
  },
  {
    "QID": "D293Q04",
    "QTYPE": "基礎題",
    "ANSWER": "府城臺南;府城;臺南"
  },
  {
    "QID": "D293Q05",
    "QTYPE": "基礎題",
    "ANSWER": "日本"
  },
  {
    "QID": "D293Q06",
    "QTYPE": "基礎題",
    "ANSWER": "義軍"
  },
  {
    "QID": "D293Q07",
    "QTYPE": "進階題",
    "ANSWER": "「宰相有權能割地，孤臣無力可回天」;宰相有權能割地，孤臣無力可回天"
  },
  {
    "QID": "D293Q08",
    "QTYPE": "基礎題",
    "ANSWER": "苗栗"
  },
  {
    "QID": "D295Q01",
    "QTYPE": "基礎題",
    "ANSWER": "三十公分"
  },
  {
    "QID": "D295Q02",
    "QTYPE": "基礎題",
    "ANSWER": "木頭"
  },
  {
    "QID": "D295Q03",
    "QTYPE": "基礎題",
    "ANSWER": "「掌中戲」;掌中戲"
  },
  {
    "QID": "D295Q04",
    "QTYPE": "基礎題",
    "ANSWER": "「彩樓」;彩樓"
  },
  {
    "QID": "D295Q05",
    "QTYPE": "基礎題",
    "ANSWER": "是"
  },
  {
    "QID": "D295Q06",
    "QTYPE": "基礎題",
    "ANSWER": "頭手"
  },
  {
    "QID": "D295Q07",
    "QTYPE": "基礎題",
    "ANSWER": "頭手"
  },
  {
    "QID": "D295Q08",
    "QTYPE": "進階題",
    "ANSWER": "否"
  },
  {
    "QID": "D295Q09",
    "QTYPE": "基礎題",
    "ANSWER": "廟口廣場;廟口"
  },
  {
    "QID": "D296Q01",
    "QTYPE": "基礎題",
    "ANSWER": "東臺灣"
  },
  {
    "QID": "D296Q02",
    "QTYPE": "基礎題",
    "ANSWER": "卑南大溪"
  },
  {
    "QID": "D296Q03",
    "QTYPE": "基礎題",
    "ANSWER": "石鋤"
  },
  {
    "QID": "D296Q04",
    "QTYPE": "基礎題",
    "ANSWER": "石刀"
  },
  {
    "QID": "D296Q05",
    "QTYPE": "進階題",
    "ANSWER": "矛、石箭頭和石網墜"
  },
  {
    "QID": "D296Q06",
    "QTYPE": "基礎題",
    "ANSWER": "月形石柱"
  },
  {
    "QID": "D296Q07",
    "QTYPE": "基礎題",
    "ANSWER": "都蘭山"
  },
  {
    "QID": "D296Q08",
    "QTYPE": "進階題",
    "ANSWER": "培新"
  },
  {
    "QID": "D296Q09",
    "QTYPE": "基礎題",
    "ANSWER": "卑南族人;卑南族"
  },
  {
    "QID": "D298Q01",
    "QTYPE": "基礎題",
    "ANSWER": "「網路」;網路;「網狀的通路」;網狀的通路"
  },
  {
    "QID": "D298Q02",
    "QTYPE": "基礎題",
    "ANSWER": "西元一九六九年;一九六九年"
  },
  {
    "QID": "D298Q03",
    "QTYPE": "基礎題",
    "ANSWER": "一九九三年"
  },
  {
    "QID": "D298Q04",
    "QTYPE": "基礎題",
    "ANSWER": "一九九一年"
  },
  {
    "QID": "D298Q05",
    "QTYPE": "基礎題",
    "ANSWER": "電子郵件"
  },
  {
    "QID": "D298Q06",
    "QTYPE": "基礎題",
    "ANSWER": "是"
  },
  {
    "QID": "D298Q07",
    "QTYPE": "基礎題",
    "ANSWER": "是"
  },
  {
    "QID": "D299Q01",
    "QTYPE": "進階題",
    "ANSWER": "未來學"
  },
  {
    "QID": "D299Q02",
    "QTYPE": "基礎題",
    "ANSWER": "電力"
  },
  {
    "QID": "D299Q03",
    "QTYPE": "進階題",
    "ANSWER": "「太陽能」和「風能」;太陽能和風能"
  },
  {
    "QID": "D299Q04",
    "QTYPE": "進階題",
    "ANSWER": "是"
  },
  {
    "QID": "D299Q05",
    "QTYPE": "基礎題",
    "ANSWER": "「基因療法」;基因療法"
  },
  {
    "QID": "D299Q06",
    "QTYPE": "基礎題",
    "ANSWER": "家事機器;全部自動化的家事機器"
  },
  {
    "QID": "D300Q01",
    "QTYPE": "基礎題",
    "ANSWER": "自動販賣機"
  },
  {
    "QID": "D300Q02",
    "QTYPE": "進階題",
    "ANSWER": "是"
  },
  {
    "QID": "D300Q03",
    "QTYPE": "基礎題",
    "ANSWER": "小袋鼠"
  },
  {
    "QID": "D300Q04",
    "QTYPE": "基礎題",
    "ANSWER": "小猴子"
  },
  {
    "QID": "D300Q05",
    "QTYPE": "基礎題",
    "ANSWER": "山羊老師"
  },
  {
    "QID": "D300Q06",
    "QTYPE": "基礎題",
    "ANSWER": "鋁箔包和鋁罐頭"
  },
  {
    "QID": "D300Q07",
    "QTYPE": "基礎題",
    "ANSWER": "飲料"
  },
  {
    "QID": "D301Q01",
    "QTYPE": "基礎題",
    "ANSWER": "船員"
  },
  {
    "QID": "D301Q02",
    "QTYPE": "基礎題",
    "ANSWER": "美國"
  },
  {
    "QID": "D301Q03",
    "QTYPE": "基礎題",
    "ANSWER": "三十年"
  },
  {
    "QID": "D301Q04",
    "QTYPE": "基礎題",
    "ANSWER": "一面中華民國的國旗"
  },
  {
    "QID": "D301Q05",
    "QTYPE": "基礎題",
    "ANSWER": "舊金山"
  },
  {
    "QID": "D301Q06",
    "QTYPE": "進階題",
    "ANSWER": "有"
  },
  {
    "QID": "D301Q07",
    "QTYPE": "進階題",
    "ANSWER": "三個"
  },
  {
    "QID": "D301Q08",
    "QTYPE": "基礎題",
    "ANSWER": "荷蘭"
  },
  {
    "QID": "D301Q09",
    "QTYPE": "基礎題",
    "ANSWER": "法國"
  },
  {
    "QID": "D301Q10",
    "QTYPE": "基礎題",
    "ANSWER": "英國"
  },
  {
    "QID": "D301Q11",
    "QTYPE": "基礎題",
    "ANSWER": "一面青天白日滿地紅的國旗;國旗"
  },
  {
    "QID": "D302Q01",
    "QTYPE": "基礎題",
    "ANSWER": "春秋時代;春秋"
  },
  {
    "QID": "D302Q02",
    "QTYPE": "基礎題",
    "ANSWER": "齊王"
  },
  {
    "QID": "D302Q03",
    "QTYPE": "基礎題",
    "ANSWER": "楚國"
  },
  {
    "QID": "D302Q04",
    "QTYPE": "進階題",
    "ANSWER": "否"
  },
  {
    "QID": "D302Q05",
    "QTYPE": "基礎題",
    "ANSWER": "小門"
  },
  {
    "QID": "D302Q06",
    "QTYPE": "基礎題",
    "ANSWER": "強盜罪"
  },
  {
    "QID": "D302Q07",
    "QTYPE": "進階題",
    "ANSWER": "土壤和氣候"
  },
  {
    "QID": "D303Q01",
    "QTYPE": "基礎題",
    "ANSWER": "宜蘭"
  },
  {
    "QID": "D303Q02",
    "QTYPE": "基礎題",
    "ANSWER": "十五天"
  },
  {
    "QID": "D303Q03",
    "QTYPE": "進階題",
    "ANSWER": "黃"
  },
  {
    "QID": "D303Q04",
    "QTYPE": "基礎題",
    "ANSWER": "小阿姨"
  },
  {
    "QID": "D303Q05",
    "QTYPE": "基礎題",
    "ANSWER": "冬"
  },
  {
    "QID": "D303Q06",
    "QTYPE": "基礎題",
    "ANSWER": "烏來杜鵑、油桐和西施花"
  },
  {
    "QID": "D304Q01",
    "QTYPE": "基礎題",
    "ANSWER": "十二月一日"
  },
  {
    "QID": "D304Q02",
    "QTYPE": "基礎題",
    "ANSWER": "十二月七日"
  },
  {
    "QID": "D304Q03",
    "QTYPE": "基礎題",
    "ANSWER": "畫我美麗校園"
  },
  {
    "QID": "D304Q04",
    "QTYPE": "基礎題",
    "ANSWER": "十一月二十日"
  },
  {
    "QID": "D304Q05",
    "QTYPE": "基礎題",
    "ANSWER": "否"
  },
  {
    "QID": "D304Q06",
    "QTYPE": "基礎題",
    "ANSWER": "一五六四"
  },
  {
    "QID": "D304Q07",
    "QTYPE": "進階題",
    "ANSWER": "三八一四"
  },
  {
    "QID": "D304Q08",
    "QTYPE": "進階題",
    "ANSWER": "老榕樹"
  },
  {
    "QID": "D304Q09",
    "QTYPE": "基礎題",
    "ANSWER": "公告"
  },
  {
    "QID": "D305Q01",
    "QTYPE": "基礎題",
    "ANSWER": "北宋"
  },
  {
    "QID": "D305Q02",
    "QTYPE": "基礎題",
    "ANSWER": "書法"
  },
  {
    "QID": "D305Q03",
    "QTYPE": "基礎題",
    "ANSWER": "四川"
  },
  {
    "QID": "D305Q04",
    "QTYPE": "基礎題",
    "ANSWER": "十二歲"
  },
  {
    "QID": "D305Q05",
    "QTYPE": "進階題",
    "ANSWER": "碧綠色，銀色"
  },
  {
    "QID": "D305Q06",
    "QTYPE": "基礎題",
    "ANSWER": "東晉"
  },
  {
    "QID": "D305Q07",
    "QTYPE": "基礎題",
    "ANSWER": "墨池"
  },
  {
    "QID": "D305Q08",
    "QTYPE": "基礎題",
    "ANSWER": "唐朝;唐"
  },
  {
    "QID": "D305Q09",
    "QTYPE": "基礎題",
    "ANSWER": "草書"
  },
  {
    "QID": "D305Q10",
    "QTYPE": "基礎題",
    "ANSWER": "天石硯"
  },
  {
    "QID": "D307Q01",
    "QTYPE": "基礎題",
    "ANSWER": "美國"
  },
  {
    "QID": "D307Q02",
    "QTYPE": "基礎題",
    "ANSWER": "右手"
  },
  {
    "QID": "D307Q03",
    "QTYPE": "基礎題",
    "ANSWER": "美國獨立百年紀念;獨立百年紀念"
  },
  {
    "QID": "D307Q04",
    "QTYPE": "基礎題",
    "ANSWER": "法國"
  },
  {
    "QID": "D307Q05",
    "QTYPE": "基礎題",
    "ANSWER": "十年"
  },
  {
    "QID": "D307Q06",
    "QTYPE": "基礎題",
    "ANSWER": "一本刻有美國獨立日期的法典;法典"
  },
  {
    "QID": "D307Q07",
    "QTYPE": "基礎題",
    "ANSWER": "愛麗絲島"
  },
  {
    "QID": "D308Q01",
    "QTYPE": "基礎題",
    "ANSWER": "人名"
  },
  {
    "QID": "D308Q02",
    "QTYPE": "基礎題",
    "ANSWER": "苗天福"
  },
  {
    "QID": "D308Q03",
    "QTYPE": "基礎題",
    "ANSWER": "也"
  },
  {
    "QID": "D308Q04",
    "QTYPE": "基礎題",
    "ANSWER": "周偉"
  },
  {
    "QID": "D308Q05",
    "QTYPE": "基礎題",
    "ANSWER": "于佩佩"
  },
  {
    "QID": "D308Q06",
    "QTYPE": "基礎題",
    "ANSWER": "晶"
  },
  {
    "QID": "D308Q07",
    "QTYPE": "基礎題",
    "ANSWER": "丁小芹"
  }
]